{
  "images" : [
    {
      "size" : "29x29",
      "idiom" : "iphone",
      "filename" : "CloudKitAtlas29.png",
      "scale" : "1x"
    },
    {
      "size" : "29x29",
      "idiom" : "iphone",
      "filename" : "CloudKitAtlas58.png",
      "scale" : "2x"
    },
    {
      "size" : "40x40",
      "idiom" : "iphone",
      "filename" : "CloudKitAtlas80.png",
      "scale" : "2x"
    },
    {
      "size" : "57x57",
      "idiom" : "iphone",
      "filename" : "CloudKitAtlas57.png",
      "scale" : "1x"
    },
    {
      "size" : "57x57",
      "idiom" : "iphone",
      "filename" : "CloudKitAtlas114.png",
      "scale" : "2x"
    },
    {
      "size" : "60x60",
      "idiom" : "iphone",
      "filename" : "CloudKitAtlas120.png",
      "scale" : "2x"
    }
  ],
  "info" : {
    "version" : 1,
    "author" : "xcode"
  },
  "properties" : {
    "pre-rendered" : true
  }
}