<?xml version="1.0" encoding="UTF-8"?>
<!DOCTYPE plist PUBLIC "-//Apple//DTD PLIST 1.0//EN" "http://www.apple.com/DTDs/PropertyList-1.0.dtd">
<plist version="1.0">
<dict>
	<key>ASD_STRING_DICT</key>
	<dict>
		<key>ASD_RANGES</key>
		<array>
			<array>
				<integer>0</integer>
				<integer>12</integer>
				<dict>
					<key>ASD_FONT</key>
					<array>
						<string>Helvetica-Bold</string>
						<real>49</real>
					</array>
					<key>NSParagraphStyle</key>
					<array>
						<integer>4</integer>
						<real>0.0</real>
						<real>10</real>
						<real>0.0</real>
						<real>31</real>
						<real>0.0</real>
						<real>0.0</real>
						<real>0.0</real>
						<real>36</real>
					</array>
				</dict>
			</array>
			<array>
				<integer>12</integer>
				<integer>1</integer>
				<dict>
					<key>ASD_FONT</key>
					<array>
						<string>Helvetica</string>
						<real>22</real>
					</array>
					<key>CTForegroundColor</key>
					<array>
						<real>0.40000000596046448</real>
						<real>0.4117647111415863</real>
						<real>0.42745098471641541</real>
						<real>1</real>
					</array>
					<key>NSParagraphStyle</key>
					<array>
						<integer>4</integer>
						<real>0.0</real>
						<real>10</real>
						<real>0.0</real>
						<real>31</real>
						<real>0.0</real>
						<real>0.0</real>
						<real>0.0</real>
						<real>36</real>
					</array>
				</dict>
			</array>
			<array>
				<integer>13</integer>
				<integer>376</integer>
				<dict>
					<key>ASD_FONT</key>
					<array>
						<string>Helvetica</string>
						<real>22</real>
					</array>
					<key>CTForegroundColor</key>
					<array>
						<real>0.40000000596046448</real>
						<real>0.4117647111415863</real>
						<real>0.42745098471641541</real>
						<real>1</real>
					</array>
					<key>NSParagraphStyle</key>
					<array>
						<integer>4</integer>
						<real>0.0</real>
						<real>28</real>
						<real>0.0</real>
						<real>22</real>
						<real>0.0</real>
						<real>0.0</real>
						<real>0.0</real>
						<real>36</real>
					</array>
				</dict>
			</array>
			<array>
				<integer>389</integer>
				<integer>51</integer>
				<dict>
					<key>ASD_FONT</key>
					<array>
						<string>Helvetica-Bold</string>
						<real>28</real>
					</array>
					<key>NSParagraphStyle</key>
					<array>
						<integer>4</integer>
						<real>0.0</real>
						<real>14</real>
						<real>0.0</real>
						<real>21</real>
						<real>0.0</real>
						<real>0.0</real>
						<real>0.0</real>
						<real>36</real>
					</array>
				</dict>
			</array>
			<array>
				<integer>440</integer>
				<integer>1</integer>
				<dict>
					<key>ASD_FONT</key>
					<array>
						<string>Helvetica</string>
						<real>22</real>
					</array>
					<key>NSParagraphStyle</key>
					<array>
						<integer>4</integer>
						<real>0.0</real>
						<real>14</real>
						<real>0.0</real>
						<real>21</real>
						<real>0.0</real>
						<real>0.0</real>
						<real>0.0</real>
						<real>36</real>
					</array>
				</dict>
			</array>
			<array>
				<integer>441</integer>
				<integer>561</integer>
				<dict>
					<key>ASD_FONT</key>
					<array>
						<string>Helvetica</string>
						<real>22</real>
					</array>
					<key>CTForegroundColor</key>
					<array>
						<real>0.14901961386203766</real>
						<real>0.14901961386203766</real>
						<real>0.14901961386203766</real>
						<real>1</real>
					</array>
					<key>NSParagraphStyle</key>
					<array>
						<integer>4</integer>
						<real>0.0</real>
						<real>18</real>
						<real>0.0</real>
						<real>18</real>
						<real>0.0</real>
						<real>0.0</real>
						<real>0.0</real>
						<real>36</real>
					</array>
				</dict>
			</array>
		</array>
		<key>ASD_STRING</key>
		<string>What is WWDC
The Apple Worldwide Developers Conference (WWDC) is the premier technical conference for developers innovating with Apple technologies. Over 1,000 Apple engineers will be at Moscone West to present advanced coding and development techniques that will show you how to enhance the capabilities of your applications with the revolutionary technologies in iPhone OS and Mac OS X.
5 days. 1,000 Apple engineers. 5,000 of your peers.
Over 5,000 of the world’s best and brightest Apple developers come together for the week-long Apple Worldwide Developers Conference at Moscone West, in San Francisco, California. This technical event provides you the opportunity to hear about the latest advancements in iPhone OS and Mac OS X through practical examples that you can apply directly to your app development.

The hands-on labs at WWDC are where you can work one-to-one with Apple engineers to try out new concepts, get answers to questions that are important to you, and bring your ideas to life.</string>
	</dict>
	<key>ASD_VERSION</key>
	<array>
		<integer>1</integer>
		<integer>1</integer>
	</array>
</dict>
</plist>
