<?xml version="1.0" encoding="UTF-8"?>
<!DOCTYPE plist PUBLIC "-//Apple//DTD PLIST 1.0//EN" "http://www.apple.com/DTDs/PropertyList-1.0.dtd">
<plist version="1.0">
<dict>
	<key>ASD_PAGE_LAYOUT</key>
	<dict>
		<key>0</key>
		<dict>
			<key>ASD_PAGE_LAYOUT_BACKGROUND_COLOR</key>
			<array>
				<real>0.0</real>
				<real>0.0</real>
				<real>0.0</real>
				<real>1</real>
			</array>
			<key>ASD_PAGE_LAYOUT_FRAMES</key>
			<array>
				<dict>
					<key>ASD_PAGE_LAYOUT_FRAME_RECT</key>
					<array>
						<real>40</real>
						<real>0.0</real>
						<real>980</real>
						<real>730</real>
					</array>
					<key>ASD_PAGE_LAYOUT_FRAME_TYPE</key>
					<integer>2</integer>
					<key>ASD_PAGE_LAYOUT_FRAME_VALUE</key>
					<dict>
						<key>ASD_RANGES</key>
						<array>
							<array>
								<integer>0</integer>
								<integer>120</integer>
								<dict>
									<key>ASD_FONT</key>
									<array>
										<string>BitstreamVeraSansMono-Roman</string>
										<real>34</real>
									</array>
									<key>CTForegroundColor</key>
									<array>
										<real>0.99607843160629272</real>
										<real>1</real>
										<real>1</real>
										<real>1</real>
									</array>
									<key>NSParagraphStyle</key>
									<array>
										<integer>4</integer>
										<real>0.0</real>
										<real>0.0</real>
										<real>0.0</real>
										<real>0.0</real>
										<real>0.0</real>
										<real>937</real>
										<real>0.0</real>
										<real>0.0</real>
									</array>
								</dict>
							</array>
							<array>
								<integer>120</integer>
								<integer>1</integer>
								<dict>
									<key>ASD_FONT</key>
									<array>
										<string>BitstreamVeraSansMono-Roman</string>
										<real>30</real>
									</array>
									<key>CTForegroundColor</key>
									<array>
										<real>0.99607843160629272</real>
										<real>1</real>
										<real>1</real>
										<real>1</real>
									</array>
									<key>NSParagraphStyle</key>
									<array>
										<integer>4</integer>
										<real>0.0</real>
										<real>0.0</real>
										<real>0.0</real>
										<real>0.0</real>
										<real>0.0</real>
										<real>937</real>
										<real>0.0</real>
										<real>0.0</real>
									</array>
								</dict>
							</array>
							<array>
								<integer>121</integer>
								<integer>91</integer>
								<dict>
									<key>ASD_FONT</key>
									<array>
										<string>BitstreamVeraSansMono-Roman</string>
										<real>34</real>
									</array>
									<key>CTForegroundColor</key>
									<array>
										<real>0.99607843160629272</real>
										<real>1</real>
										<real>1</real>
										<real>1</real>
									</array>
									<key>NSParagraphStyle</key>
									<array>
										<integer>4</integer>
										<real>0.0</real>
										<real>0.0</real>
										<real>0.0</real>
										<real>0.0</real>
										<real>0.0</real>
										<real>937</real>
										<real>0.0</real>
										<real>0.0</real>
									</array>
								</dict>
							</array>
							<array>
								<integer>212</integer>
								<integer>16</integer>
								<dict>
									<key>ASD_FONT</key>
									<array>
										<string>BitstreamVeraSansMono-Roman</string>
										<real>34</real>
									</array>
									<key>CTForegroundColor</key>
									<array>
										<real>0.0</real>
										<real>0.78823530673980713</real>
										<real>0.79607844352722168</real>
										<real>1</real>
									</array>
									<key>NSParagraphStyle</key>
									<array>
										<integer>4</integer>
										<real>0.0</real>
										<real>0.0</real>
										<real>0.0</real>
										<real>0.0</real>
										<real>0.0</real>
										<real>937</real>
										<real>0.0</real>
										<real>0.0</real>
									</array>
								</dict>
							</array>
							<array>
								<integer>228</integer>
								<integer>53</integer>
								<dict>
									<key>ASD_FONT</key>
									<array>
										<string>BitstreamVeraSansMono-Roman</string>
										<real>34</real>
									</array>
									<key>CTForegroundColor</key>
									<array>
										<real>0.99607843160629272</real>
										<real>1</real>
										<real>1</real>
										<real>1</real>
									</array>
									<key>NSParagraphStyle</key>
									<array>
										<integer>4</integer>
										<real>0.0</real>
										<real>0.0</real>
										<real>0.0</real>
										<real>0.0</real>
										<real>0.0</real>
										<real>937</real>
										<real>0.0</real>
										<real>0.0</real>
									</array>
								</dict>
							</array>
						</array>
						<key>ASD_STRING</key>
						<string>enum {
	ASDFrameTypeTextFlow = 1,
  ASDFrameTypeText = 2,
  ASDFrameTypePicture = 3
};
typedef NSUInteger ASDFrameType;

@interface CoreTextViewFrameInfo : NSObject {
	ASDFrameType _frameType;
	CGPathRef _path;
	CTFramesetterRef _setter;
	NSRange _stringRange;
	id _value;
}






</string>
					</dict>
				</dict>
			</array>
		</dict>
		<key>1</key>
		<dict>
			<key>ASD_PAGE_LAYOUT_BACKGROUND_COLOR</key>
			<array>
				<real>0.0</real>
				<real>0.0</real>
				<real>0.0</real>
				<real>1</real>
			</array>
			<key>ASD_PAGE_LAYOUT_FRAMES</key>
			<array>
				<dict>
					<key>ASD_PAGE_LAYOUT_FRAME_RECT</key>
					<array>
						<real>40</real>
						<real>0.0</real>
						<real>980</real>
						<real>730</real>
					</array>
					<key>ASD_PAGE_LAYOUT_FRAME_TYPE</key>
					<integer>2</integer>
					<key>ASD_PAGE_LAYOUT_FRAME_VALUE</key>
					<dict>
						<key>ASD_RANGES</key>
						<array>
							<array>
								<integer>0</integer>
								<integer>65</integer>
								<dict>
									<key>ASD_FONT</key>
									<array>
										<string>BitstreamVeraSansMono-Roman</string>
										<real>34</real>
									</array>
									<key>CTForegroundColor</key>
									<array>
										<real>0.99607843160629272</real>
										<real>1</real>
										<real>1</real>
										<real>1</real>
									</array>
									<key>NSParagraphStyle</key>
									<array>
										<integer>4</integer>
										<real>0.0</real>
										<real>0.0</real>
										<real>0.0</real>
										<real>0.0</real>
										<real>0.0</real>
										<real>937</real>
										<real>0.0</real>
										<real>0.0</real>
									</array>
								</dict>
							</array>
							<array>
								<integer>65</integer>
								<integer>2</integer>
								<dict>
									<key>ASD_FONT</key>
									<array>
										<string>BitstreamVeraSansMono-Roman</string>
										<real>30</real>
									</array>
									<key>CTForegroundColor</key>
									<array>
										<real>0.99607843160629272</real>
										<real>1</real>
										<real>1</real>
										<real>1</real>
									</array>
									<key>NSParagraphStyle</key>
									<array>
										<integer>4</integer>
										<real>0.0</real>
										<real>0.0</real>
										<real>0.0</real>
										<real>0.0</real>
										<real>0.0</real>
										<real>937</real>
										<real>0.0</real>
										<real>0.0</real>
									</array>
								</dict>
							</array>
							<array>
								<integer>67</integer>
								<integer>70</integer>
								<dict>
									<key>ASD_FONT</key>
									<array>
										<string>BitstreamVeraSansMono-Roman</string>
										<real>34</real>
									</array>
									<key>CTForegroundColor</key>
									<array>
										<real>0.99607843160629272</real>
										<real>1</real>
										<real>1</real>
										<real>1</real>
									</array>
									<key>NSParagraphStyle</key>
									<array>
										<integer>4</integer>
										<real>0.0</real>
										<real>0.0</real>
										<real>0.0</real>
										<real>0.0</real>
										<real>0.0</real>
										<real>937</real>
										<real>0.0</real>
										<real>0.0</real>
									</array>
								</dict>
							</array>
							<array>
								<integer>137</integer>
								<integer>5</integer>
								<dict>
									<key>ASD_FONT</key>
									<array>
										<string>BitstreamVeraSansMono-Roman</string>
										<real>30</real>
									</array>
									<key>CTForegroundColor</key>
									<array>
										<real>0.99607843160629272</real>
										<real>1</real>
										<real>1</real>
										<real>1</real>
									</array>
									<key>NSParagraphStyle</key>
									<array>
										<integer>4</integer>
										<real>0.0</real>
										<real>0.0</real>
										<real>0.0</real>
										<real>0.0</real>
										<real>0.0</real>
										<real>937</real>
										<real>0.0</real>
										<real>0.0</real>
									</array>
								</dict>
							</array>
							<array>
								<integer>142</integer>
								<integer>105</integer>
								<dict>
									<key>ASD_FONT</key>
									<array>
										<string>BitstreamVeraSansMono-Roman</string>
										<real>34</real>
									</array>
									<key>CTForegroundColor</key>
									<array>
										<real>0.99607843160629272</real>
										<real>1</real>
										<real>1</real>
										<real>1</real>
									</array>
									<key>NSParagraphStyle</key>
									<array>
										<integer>4</integer>
										<real>0.0</real>
										<real>0.0</real>
										<real>0.0</real>
										<real>0.0</real>
										<real>0.0</real>
										<real>937</real>
										<real>0.0</real>
										<real>0.0</real>
									</array>
								</dict>
							</array>
							<array>
								<integer>247</integer>
								<integer>1</integer>
								<dict>
									<key>ASD_FONT</key>
									<array>
										<string>BitstreamVeraSansMono-Roman</string>
										<real>30</real>
									</array>
									<key>CTForegroundColor</key>
									<array>
										<real>0.99607843160629272</real>
										<real>1</real>
										<real>1</real>
										<real>1</real>
									</array>
									<key>NSParagraphStyle</key>
									<array>
										<integer>4</integer>
										<real>0.0</real>
										<real>0.0</real>
										<real>0.0</real>
										<real>0.0</real>
										<real>0.0</real>
										<real>937</real>
										<real>0.0</real>
										<real>0.0</real>
									</array>
								</dict>
							</array>
							<array>
								<integer>248</integer>
								<integer>167</integer>
								<dict>
									<key>ASD_FONT</key>
									<array>
										<string>BitstreamVeraSansMono-Roman</string>
										<real>34</real>
									</array>
									<key>CTForegroundColor</key>
									<array>
										<real>0.99607843160629272</real>
										<real>1</real>
										<real>1</real>
										<real>1</real>
									</array>
									<key>NSParagraphStyle</key>
									<array>
										<integer>4</integer>
										<real>0.0</real>
										<real>0.0</real>
										<real>0.0</real>
										<real>0.0</real>
										<real>0.0</real>
										<real>937</real>
										<real>0.0</real>
										<real>0.0</real>
									</array>
								</dict>
							</array>
						</array>
						<key>ASD_STRING</key>
						<string> NSArray* pageFrames = 
   [_document framesForPage:pageNumber];
 
 NSEnumerator* framesEnumerator = 
    [pageFrames objectEnumerator];
    
 CGRect frameBounds = [_document 
   boundsForFrame:frameInfo];
 CGPathAddRect(path, NULL, frameBounds);

 CoreTextViewFrameInfo* frameForDisplay = 
  [[[CoreTextViewFrameInfo alloc] 
   initWithFrameType:[_document     
   typeForFrame:frameInfo] path:path]];
      
     </string>
					</dict>
				</dict>
			</array>
		</dict>
		<key>2</key>
		<dict>
			<key>ASD_PAGE_LAYOUT_BACKGROUND_COLOR</key>
			<array>
				<real>0.0</real>
				<real>0.0</real>
				<real>0.0</real>
				<real>1</real>
			</array>
			<key>ASD_PAGE_LAYOUT_FRAMES</key>
			<array>
				<dict>
					<key>ASD_PAGE_LAYOUT_FRAME_RECT</key>
					<array>
						<real>40</real>
						<real>0.0</real>
						<real>980</real>
						<real>730</real>
					</array>
					<key>ASD_PAGE_LAYOUT_FRAME_TYPE</key>
					<integer>2</integer>
					<key>ASD_PAGE_LAYOUT_FRAME_VALUE</key>
					<dict>
						<key>ASD_RANGES</key>
						<array>
							<array>
								<integer>0</integer>
								<integer>74</integer>
								<dict>
									<key>ASD_FONT</key>
									<array>
										<string>BitstreamVeraSansMono-Roman</string>
										<real>34</real>
									</array>
									<key>CTForegroundColor</key>
									<array>
										<real>0.99607843160629272</real>
										<real>1</real>
										<real>1</real>
										<real>1</real>
									</array>
									<key>NSParagraphStyle</key>
									<array>
										<integer>4</integer>
										<real>0.0</real>
										<real>0.0</real>
										<real>0.0</real>
										<real>0.0</real>
										<real>0.0</real>
										<real>937</real>
										<real>0.0</real>
										<real>0.0</real>
									</array>
								</dict>
							</array>
							<array>
								<integer>74</integer>
								<integer>1</integer>
								<dict>
									<key>ASD_FONT</key>
									<array>
										<string>BitstreamVeraSansMono-Roman</string>
										<real>30</real>
									</array>
									<key>CTForegroundColor</key>
									<array>
										<real>0.99607843160629272</real>
										<real>1</real>
										<real>1</real>
										<real>1</real>
									</array>
									<key>NSParagraphStyle</key>
									<array>
										<integer>4</integer>
										<real>0.0</real>
										<real>0.0</real>
										<real>0.0</real>
										<real>0.0</real>
										<real>0.0</real>
										<real>937</real>
										<real>0.0</real>
										<real>0.0</real>
									</array>
								</dict>
							</array>
							<array>
								<integer>75</integer>
								<integer>122</integer>
								<dict>
									<key>ASD_FONT</key>
									<array>
										<string>BitstreamVeraSansMono-Roman</string>
										<real>34</real>
									</array>
									<key>CTForegroundColor</key>
									<array>
										<real>0.99607843160629272</real>
										<real>1</real>
										<real>1</real>
										<real>1</real>
									</array>
									<key>NSParagraphStyle</key>
									<array>
										<integer>4</integer>
										<real>0.0</real>
										<real>0.0</real>
										<real>0.0</real>
										<real>0.0</real>
										<real>0.0</real>
										<real>937</real>
										<real>0.0</real>
										<real>0.0</real>
									</array>
								</dict>
							</array>
							<array>
								<integer>197</integer>
								<integer>39</integer>
								<dict>
									<key>ASD_FONT</key>
									<array>
										<string>BitstreamVeraSansMono-Roman</string>
										<real>34</real>
									</array>
									<key>CTForegroundColor</key>
									<array>
										<real>0.89803922176361084</real>
										<real>0.56862747669219971</real>
										<real>0.0</real>
										<real>1</real>
									</array>
									<key>NSParagraphStyle</key>
									<array>
										<integer>4</integer>
										<real>0.0</real>
										<real>0.0</real>
										<real>0.0</real>
										<real>0.0</real>
										<real>0.0</real>
										<real>937</real>
										<real>0.0</real>
										<real>0.0</real>
									</array>
								</dict>
							</array>
							<array>
								<integer>236</integer>
								<integer>39</integer>
								<dict>
									<key>ASD_FONT</key>
									<array>
										<string>BitstreamVeraSansMono-Roman</string>
										<real>34</real>
									</array>
									<key>CTForegroundColor</key>
									<array>
										<real>0.99607843160629272</real>
										<real>1</real>
										<real>1</real>
										<real>1</real>
									</array>
									<key>NSParagraphStyle</key>
									<array>
										<integer>4</integer>
										<real>0.0</real>
										<real>0.0</real>
										<real>0.0</real>
										<real>0.0</real>
										<real>0.0</real>
										<real>937</real>
										<real>0.0</real>
										<real>0.0</real>
									</array>
								</dict>
							</array>
							<array>
								<integer>275</integer>
								<integer>21</integer>
								<dict>
									<key>ASD_FONT</key>
									<array>
										<string>BitstreamVeraSansMono-Roman</string>
										<real>30</real>
									</array>
									<key>CTForegroundColor</key>
									<array>
										<real>0.99607843160629272</real>
										<real>1</real>
										<real>1</real>
										<real>1</real>
									</array>
									<key>NSParagraphStyle</key>
									<array>
										<integer>4</integer>
										<real>0.0</real>
										<real>0.0</real>
										<real>0.0</real>
										<real>0.0</real>
										<real>0.0</real>
										<real>937</real>
										<real>0.0</real>
										<real>0.0</real>
									</array>
								</dict>
							</array>
							<array>
								<integer>296</integer>
								<integer>94</integer>
								<dict>
									<key>ASD_FONT</key>
									<array>
										<string>BitstreamVeraSansMono-Roman</string>
										<real>34</real>
									</array>
									<key>CTForegroundColor</key>
									<array>
										<real>0.99607843160629272</real>
										<real>1</real>
										<real>1</real>
										<real>1</real>
									</array>
									<key>NSParagraphStyle</key>
									<array>
										<integer>4</integer>
										<real>0.0</real>
										<real>0.0</real>
										<real>0.0</real>
										<real>0.0</real>
										<real>0.0</real>
										<real>937</real>
										<real>0.0</real>
										<real>0.0</real>
									</array>
								</dict>
							</array>
							<array>
								<integer>390</integer>
								<integer>1</integer>
								<dict>
									<key>ASD_FONT</key>
									<array>
										<string>BitstreamVeraSansMono-Roman</string>
										<real>30</real>
									</array>
									<key>CTForegroundColor</key>
									<array>
										<real>0.99607843160629272</real>
										<real>1</real>
										<real>1</real>
										<real>1</real>
									</array>
									<key>NSParagraphStyle</key>
									<array>
										<integer>4</integer>
										<real>0.0</real>
										<real>0.0</real>
										<real>0.0</real>
										<real>0.0</real>
										<real>0.0</real>
										<real>937</real>
										<real>0.0</real>
										<real>0.0</real>
									</array>
								</dict>
							</array>
							<array>
								<integer>391</integer>
								<integer>52</integer>
								<dict>
									<key>ASD_FONT</key>
									<array>
										<string>BitstreamVeraSansMono-Roman</string>
										<real>34</real>
									</array>
									<key>CTForegroundColor</key>
									<array>
										<real>0.99607843160629272</real>
										<real>1</real>
										<real>1</real>
										<real>1</real>
									</array>
									<key>NSParagraphStyle</key>
									<array>
										<integer>4</integer>
										<real>0.0</real>
										<real>0.0</real>
										<real>0.0</real>
										<real>0.0</real>
										<real>0.0</real>
										<real>937</real>
										<real>0.0</real>
										<real>0.0</real>
									</array>
								</dict>
							</array>
						</array>
						<key>ASD_STRING</key>
						<string> frameForDisplay.value = value = [_document
   objectForFrame:frameInfo];

 if ([_document typeForFrame:frameInfo] 
                   == ASDFrameTypeText) {
   CTFramesetterRef frameSetter = 
    CTFramesetterCreateWithAttributedString
      ((CFAttributedStringRef)value);
                    
   [frameForDisplay setSetter:frameSetter];
   CFRelease(frameSetter);                    
 }

 [framesToDraw addObject:frameForDisplay];			






</string>
					</dict>
				</dict>
			</array>
		</dict>
		<key>3</key>
		<dict>
			<key>ASD_PAGE_LAYOUT_BACKGROUND_COLOR</key>
			<array>
				<real>0.0</real>
				<real>0.0</real>
				<real>0.0</real>
				<real>1</real>
			</array>
			<key>ASD_PAGE_LAYOUT_FRAMES</key>
			<array>
				<dict>
					<key>ASD_PAGE_LAYOUT_FRAME_RECT</key>
					<array>
						<real>40</real>
						<real>0.0</real>
						<real>980</real>
						<real>730</real>
					</array>
					<key>ASD_PAGE_LAYOUT_FRAME_TYPE</key>
					<integer>2</integer>
					<key>ASD_PAGE_LAYOUT_FRAME_VALUE</key>
					<dict>
						<key>ASD_RANGES</key>
						<array>
							<array>
								<integer>0</integer>
								<integer>108</integer>
								<dict>
									<key>ASD_FONT</key>
									<array>
										<string>BitstreamVeraSansMono-Roman</string>
										<real>34</real>
									</array>
									<key>CTForegroundColor</key>
									<array>
										<real>0.99607843160629272</real>
										<real>1</real>
										<real>1</real>
										<real>1</real>
									</array>
									<key>NSParagraphStyle</key>
									<array>
										<integer>4</integer>
										<real>0.0</real>
										<real>0.0</real>
										<real>0.0</real>
										<real>0.0</real>
										<real>0.0</real>
										<real>937</real>
										<real>0.0</real>
										<real>0.0</real>
									</array>
								</dict>
							</array>
							<array>
								<integer>108</integer>
								<integer>62</integer>
								<dict>
									<key>ASD_FONT</key>
									<array>
										<string>BitstreamVeraSansMono-Roman</string>
										<real>34</real>
									</array>
									<key>CTForegroundColor</key>
									<array>
										<real>0.54117649793624878</real>
										<real>0.74117648601531982</real>
										<real>0.11764705926179886</real>
										<real>1</real>
									</array>
									<key>NSParagraphStyle</key>
									<array>
										<integer>4</integer>
										<real>0.0</real>
										<real>0.0</real>
										<real>0.0</real>
										<real>0.0</real>
										<real>0.0</real>
										<real>937</real>
										<real>0.0</real>
										<real>0.0</real>
									</array>
								</dict>
							</array>
							<array>
								<integer>170</integer>
								<integer>236</integer>
								<dict>
									<key>ASD_FONT</key>
									<array>
										<string>BitstreamVeraSansMono-Roman</string>
										<real>34</real>
									</array>
									<key>CTForegroundColor</key>
									<array>
										<real>0.99607843160629272</real>
										<real>1</real>
										<real>1</real>
										<real>1</real>
									</array>
									<key>NSParagraphStyle</key>
									<array>
										<integer>4</integer>
										<real>0.0</real>
										<real>0.0</real>
										<real>0.0</real>
										<real>0.0</real>
										<real>0.0</real>
										<real>937</real>
										<real>0.0</real>
										<real>0.0</real>
									</array>
								</dict>
							</array>
						</array>
						<key>ASD_STRING</key>
						<string> CGRect layoutBounds = [self bounds];
 NSUInteger columnCount = [_document 
   columnsForPage:pageNumber];

 // Divide the columns equally across the 
 // frame's width.
 CGFloat columnWidth = CGRectGetWidth
    (layoutBounds) / columnCount;

 for (col = 0; col &lt; columnCount - 1; col++){
		CGRectDivide(columnRects[col], 
    &amp;columnRects[col], &amp;columnRects[col + 1], 
    columnWidth, CGRectMinXEdge);
}
</string>
					</dict>
				</dict>
			</array>
		</dict>
		<key>4</key>
		<dict>
			<key>ASD_PAGE_LAYOUT_BACKGROUND_COLOR</key>
			<array>
				<real>0.0</real>
				<real>0.0</real>
				<real>0.0</real>
				<real>1</real>
			</array>
			<key>ASD_PAGE_LAYOUT_FRAMES</key>
			<array>
				<dict>
					<key>ASD_PAGE_LAYOUT_FRAME_RECT</key>
					<array>
						<real>40</real>
						<real>0.0</real>
						<real>980</real>
						<real>730</real>
					</array>
					<key>ASD_PAGE_LAYOUT_FRAME_TYPE</key>
					<integer>2</integer>
					<key>ASD_PAGE_LAYOUT_FRAME_VALUE</key>
					<dict>
						<key>ASD_RANGES</key>
						<array>
							<array>
								<integer>0</integer>
								<integer>394</integer>
								<dict>
									<key>ASD_FONT</key>
									<array>
										<string>BitstreamVeraSansMono-Roman</string>
										<real>34</real>
									</array>
									<key>CTForegroundColor</key>
									<array>
										<real>0.99607843160629272</real>
										<real>1</real>
										<real>1</real>
										<real>1</real>
									</array>
									<key>NSParagraphStyle</key>
									<array>
										<integer>4</integer>
										<real>0.0</real>
										<real>0.0</real>
										<real>0.0</real>
										<real>0.0</real>
										<real>0.0</real>
										<real>937</real>
										<real>0.0</real>
										<real>0.0</real>
									</array>
								</dict>
							</array>
						</array>
						<key>ASD_STRING</key>
						<string>for (col = 0; col &lt; columnCount; col++) {            
 CGMutablePathRef path = 
      CGPathCreateMutable();
 CGPathAddRect(path, NULL, columnRects[col]);

 CoreTextViewFrameInfo* frameForDisplay = 
  [[[CoreTextViewFrameInfo alloc] 
    initWithFrameType:ASDFrameTypeTextFlow 
    path:path] autorelease];

 CGPathRelease(path);
            
 [framesToDraw addObject:frameForDisplay];
}






</string>
					</dict>
				</dict>
			</array>
		</dict>
		<key>5</key>
		<dict>
			<key>ASD_PAGE_LAYOUT_BACKGROUND_COLOR</key>
			<array>
				<real>0.0</real>
				<real>0.0</real>
				<real>0.0</real>
				<real>1</real>
			</array>
			<key>ASD_PAGE_LAYOUT_FRAMES</key>
			<array>
				<dict>
					<key>ASD_PAGE_LAYOUT_FRAME_RECT</key>
					<array>
						<real>40</real>
						<real>0.0</real>
						<real>980</real>
						<real>730</real>
					</array>
					<key>ASD_PAGE_LAYOUT_FRAME_TYPE</key>
					<integer>2</integer>
					<key>ASD_PAGE_LAYOUT_FRAME_VALUE</key>
					<dict>
						<key>ASD_RANGES</key>
						<array>
							<array>
								<integer>0</integer>
								<integer>28</integer>
								<dict>
									<key>ASD_FONT</key>
									<array>
										<string>BitstreamVeraSansMono-Roman</string>
										<real>34</real>
									</array>
									<key>CTForegroundColor</key>
									<array>
										<real>0.99607843160629272</real>
										<real>1</real>
										<real>1</real>
										<real>1</real>
									</array>
									<key>NSParagraphStyle</key>
									<array>
										<integer>4</integer>
										<real>0.0</real>
										<real>0.0</real>
										<real>0.0</real>
										<real>0.0</real>
										<real>0.0</real>
										<real>937</real>
										<real>0.0</real>
										<real>0.0</real>
									</array>
								</dict>
							</array>
							<array>
								<integer>28</integer>
								<integer>16</integer>
								<dict>
									<key>ASD_FONT</key>
									<array>
										<string>BitstreamVeraSansMono-Roman</string>
										<real>34</real>
									</array>
									<key>CTForegroundColor</key>
									<array>
										<real>0.0</real>
										<real>0.78823530673980713</real>
										<real>0.79607844352722168</real>
										<real>1</real>
									</array>
									<key>NSParagraphStyle</key>
									<array>
										<integer>4</integer>
										<real>0.0</real>
										<real>0.0</real>
										<real>0.0</real>
										<real>0.0</real>
										<real>0.0</real>
										<real>937</real>
										<real>0.0</real>
										<real>0.0</real>
									</array>
								</dict>
							</array>
							<array>
								<integer>44</integer>
								<integer>86</integer>
								<dict>
									<key>ASD_FONT</key>
									<array>
										<string>BitstreamVeraSansMono-Roman</string>
										<real>34</real>
									</array>
									<key>CTForegroundColor</key>
									<array>
										<real>0.99607843160629272</real>
										<real>1</real>
										<real>1</real>
										<real>1</real>
									</array>
									<key>NSParagraphStyle</key>
									<array>
										<integer>4</integer>
										<real>0.0</real>
										<real>0.0</real>
										<real>0.0</real>
										<real>0.0</real>
										<real>0.0</real>
										<real>937</real>
										<real>0.0</real>
										<real>0.0</real>
									</array>
								</dict>
							</array>
							<array>
								<integer>130</integer>
								<integer>24</integer>
								<dict>
									<key>ASD_FONT</key>
									<array>
										<string>BitstreamVeraSansMono-Roman</string>
										<real>34</real>
									</array>
									<key>CTForegroundColor</key>
									<array>
										<real>0.89803922176361084</real>
										<real>0.56862747669219971</real>
										<real>0.0</real>
										<real>1</real>
									</array>
									<key>NSParagraphStyle</key>
									<array>
										<integer>4</integer>
										<real>0.0</real>
										<real>0.0</real>
										<real>0.0</real>
										<real>0.0</real>
										<real>0.0</real>
										<real>937</real>
										<real>0.0</real>
										<real>0.0</real>
									</array>
								</dict>
							</array>
							<array>
								<integer>154</integer>
								<integer>74</integer>
								<dict>
									<key>ASD_FONT</key>
									<array>
										<string>BitstreamVeraSansMono-Roman</string>
										<real>34</real>
									</array>
									<key>CTForegroundColor</key>
									<array>
										<real>0.99607843160629272</real>
										<real>1</real>
										<real>1</real>
										<real>1</real>
									</array>
									<key>NSParagraphStyle</key>
									<array>
										<integer>4</integer>
										<real>0.0</real>
										<real>0.0</real>
										<real>0.0</real>
										<real>0.0</real>
										<real>0.0</real>
										<real>937</real>
										<real>0.0</real>
										<real>0.0</real>
									</array>
								</dict>
							</array>
							<array>
								<integer>228</integer>
								<integer>11</integer>
								<dict>
									<key>ASD_FONT</key>
									<array>
										<string>BitstreamVeraSansMono-Roman</string>
										<real>34</real>
									</array>
									<key>CTForegroundColor</key>
									<array>
										<real>0.89803922176361084</real>
										<real>0.56862747669219971</real>
										<real>0.0</real>
										<real>1</real>
									</array>
									<key>NSParagraphStyle</key>
									<array>
										<integer>4</integer>
										<real>0.0</real>
										<real>0.0</real>
										<real>0.0</real>
										<real>0.0</real>
										<real>0.0</real>
										<real>937</real>
										<real>0.0</real>
										<real>0.0</real>
									</array>
								</dict>
							</array>
							<array>
								<integer>239</integer>
								<integer>21</integer>
								<dict>
									<key>ASD_FONT</key>
									<array>
										<string>BitstreamVeraSansMono-Roman</string>
										<real>34</real>
									</array>
									<key>CTForegroundColor</key>
									<array>
										<real>0.99607843160629272</real>
										<real>1</real>
										<real>1</real>
										<real>1</real>
									</array>
									<key>NSParagraphStyle</key>
									<array>
										<integer>4</integer>
										<real>0.0</real>
										<real>0.0</real>
										<real>0.0</real>
										<real>0.0</real>
										<real>0.0</real>
										<real>937</real>
										<real>0.0</real>
										<real>0.0</real>
									</array>
								</dict>
							</array>
						</array>
						<key>ASD_STRING</key>
						<string>
if (frameInfo.frameType == ASDFrameTypeText) {
 CTFramesetterRef framesetter = 
    [frameInfo setter];

 CTFrameRef frame = 
   CTFramesetterCreateFrame
     (framesetter, CFRangeMake(0, 0), 
       [frameInfo path], NULL);

 CTFrameDraw(frame, context);
}

</string>
					</dict>
				</dict>
			</array>
		</dict>
		<key>6</key>
		<dict>
			<key>ASD_PAGE_LAYOUT_BACKGROUND_COLOR</key>
			<array>
				<real>0.0</real>
				<real>0.0</real>
				<real>0.0</real>
				<real>1</real>
			</array>
			<key>ASD_PAGE_LAYOUT_FRAMES</key>
			<array>
				<dict>
					<key>ASD_PAGE_LAYOUT_FRAME_RECT</key>
					<array>
						<real>40</real>
						<real>0.0</real>
						<real>980</real>
						<real>730</real>
					</array>
					<key>ASD_PAGE_LAYOUT_FRAME_TYPE</key>
					<integer>2</integer>
					<key>ASD_PAGE_LAYOUT_FRAME_VALUE</key>
					<dict>
						<key>ASD_RANGES</key>
						<array>
							<array>
								<integer>0</integer>
								<integer>209</integer>
								<dict>
									<key>ASD_FONT</key>
									<array>
										<string>BitstreamVeraSansMono-Roman</string>
										<real>34</real>
									</array>
									<key>CTForegroundColor</key>
									<array>
										<real>0.99607843160629272</real>
										<real>1</real>
										<real>1</real>
										<real>1</real>
									</array>
									<key>NSParagraphStyle</key>
									<array>
										<integer>4</integer>
										<real>0.0</real>
										<real>0.0</real>
										<real>0.0</real>
										<real>0.0</real>
										<real>0.0</real>
										<real>937</real>
										<real>0.0</real>
										<real>0.0</real>
									</array>
								</dict>
							</array>
							<array>
								<integer>209</integer>
								<integer>24</integer>
								<dict>
									<key>ASD_FONT</key>
									<array>
										<string>BitstreamVeraSansMono-Roman</string>
										<real>34</real>
									</array>
									<key>CTForegroundColor</key>
									<array>
										<real>0.89803922176361084</real>
										<real>0.56862747669219971</real>
										<real>0.0</real>
										<real>1</real>
									</array>
									<key>NSParagraphStyle</key>
									<array>
										<integer>4</integer>
										<real>0.0</real>
										<real>0.0</real>
										<real>0.0</real>
										<real>0.0</real>
										<real>0.0</real>
										<real>937</real>
										<real>0.0</real>
										<real>0.0</real>
									</array>
								</dict>
							</array>
							<array>
								<integer>233</integer>
								<integer>78</integer>
								<dict>
									<key>ASD_FONT</key>
									<array>
										<string>BitstreamVeraSansMono-Roman</string>
										<real>34</real>
									</array>
									<key>CTForegroundColor</key>
									<array>
										<real>0.99607843160629272</real>
										<real>1</real>
										<real>1</real>
										<real>1</real>
									</array>
									<key>NSParagraphStyle</key>
									<array>
										<integer>4</integer>
										<real>0.0</real>
										<real>0.0</real>
										<real>0.0</real>
										<real>0.0</real>
										<real>0.0</real>
										<real>937</real>
										<real>0.0</real>
										<real>0.0</real>
									</array>
								</dict>
							</array>
							<array>
								<integer>311</integer>
								<integer>11</integer>
								<dict>
									<key>ASD_FONT</key>
									<array>
										<string>BitstreamVeraSansMono-Roman</string>
										<real>34</real>
									</array>
									<key>CTForegroundColor</key>
									<array>
										<real>0.89803922176361084</real>
										<real>0.56862747669219971</real>
										<real>0.0</real>
										<real>1</real>
									</array>
									<key>NSParagraphStyle</key>
									<array>
										<integer>4</integer>
										<real>0.0</real>
										<real>0.0</real>
										<real>0.0</real>
										<real>0.0</real>
										<real>0.0</real>
										<real>937</real>
										<real>0.0</real>
										<real>0.0</real>
									</array>
								</dict>
							</array>
							<array>
								<integer>322</integer>
								<integer>19</integer>
								<dict>
									<key>ASD_FONT</key>
									<array>
										<string>BitstreamVeraSansMono-Roman</string>
										<real>34</real>
									</array>
									<key>CTForegroundColor</key>
									<array>
										<real>0.99607843160629272</real>
										<real>1</real>
										<real>1</real>
										<real>1</real>
									</array>
									<key>NSParagraphStyle</key>
									<array>
										<integer>4</integer>
										<real>0.0</real>
										<real>0.0</real>
										<real>0.0</real>
										<real>0.0</real>
										<real>0.0</real>
										<real>937</real>
										<real>0.0</real>
										<real>0.0</real>
									</array>
								</dict>
							</array>
						</array>
						<key>ASD_STRING</key>
						<string> startIndex = curIndex = 0;
	…

 if (pageCount &gt; 1 &amp;&amp; pageBeingDrawn &gt; 0) 
		curIndex = startIndex = 
  ((CoreTextViewPageInfo*)[_pageInfo 
   objectAtIndex:pageBeingDrawn-1]).rangeEnd;

 
 CTFrameRef frame = CTFramesetterCreateFrame
   ([self setter], CFRangeMake(curIndex, 0), 
    [frameInfo path], NULL);

 CTFrameDraw(frame, context);

</string>
					</dict>
				</dict>
			</array>
		</dict>
		<key>7</key>
		<dict>
			<key>ASD_PAGE_LAYOUT_BACKGROUND_COLOR</key>
			<array>
				<real>0.0</real>
				<real>0.0</real>
				<real>0.0</real>
				<real>1</real>
			</array>
			<key>ASD_PAGE_LAYOUT_FRAMES</key>
			<array>
				<dict>
					<key>ASD_PAGE_LAYOUT_FRAME_RECT</key>
					<array>
						<real>40</real>
						<real>0.0</real>
						<real>980</real>
						<real>730</real>
					</array>
					<key>ASD_PAGE_LAYOUT_FRAME_TYPE</key>
					<integer>2</integer>
					<key>ASD_PAGE_LAYOUT_FRAME_VALUE</key>
					<dict>
						<key>ASD_RANGES</key>
						<array>
							<array>
								<integer>0</integer>
								<integer>28</integer>
								<dict>
									<key>ASD_FONT</key>
									<array>
										<string>BitstreamVeraSansMono-Roman</string>
										<real>34</real>
									</array>
									<key>CTForegroundColor</key>
									<array>
										<real>0.99607843160629272</real>
										<real>1</real>
										<real>1</real>
										<real>1</real>
									</array>
									<key>NSParagraphStyle</key>
									<array>
										<integer>4</integer>
										<real>0.0</real>
										<real>0.0</real>
										<real>0.0</real>
										<real>0.0</real>
										<real>0.0</real>
										<real>937</real>
										<real>0.0</real>
										<real>0.0</real>
									</array>
								</dict>
							</array>
							<array>
								<integer>28</integer>
								<integer>28</integer>
								<dict>
									<key>ASD_FONT</key>
									<array>
										<string>BitstreamVeraSansMono-Roman</string>
										<real>34</real>
									</array>
									<key>CTForegroundColor</key>
									<array>
										<real>0.89803922176361084</real>
										<real>0.56862747669219971</real>
										<real>0.0</real>
										<real>1</real>
									</array>
									<key>NSParagraphStyle</key>
									<array>
										<integer>4</integer>
										<real>0.0</real>
										<real>0.0</real>
										<real>0.0</real>
										<real>0.0</real>
										<real>0.0</real>
										<real>937</real>
										<real>0.0</real>
										<real>0.0</real>
									</array>
								</dict>
							</array>
							<array>
								<integer>56</integer>
								<integer>102</integer>
								<dict>
									<key>ASD_FONT</key>
									<array>
										<string>BitstreamVeraSansMono-Roman</string>
										<real>34</real>
									</array>
									<key>CTForegroundColor</key>
									<array>
										<real>0.99607843160629272</real>
										<real>1</real>
										<real>1</real>
										<real>1</real>
									</array>
									<key>NSParagraphStyle</key>
									<array>
										<integer>4</integer>
										<real>0.0</real>
										<real>0.0</real>
										<real>0.0</real>
										<real>0.0</real>
										<real>0.0</real>
										<real>937</real>
										<real>0.0</real>
										<real>0.0</real>
									</array>
								</dict>
							</array>
							<array>
								<integer>158</integer>
								<integer>36</integer>
								<dict>
									<key>ASD_FONT</key>
									<array>
										<string>BitstreamVeraSansMono-Roman</string>
										<real>34</real>
									</array>
									<key>CTForegroundColor</key>
									<array>
										<real>0.54117649793624878</real>
										<real>0.74117648601531982</real>
										<real>0.11764705926179886</real>
										<real>1</real>
									</array>
									<key>NSParagraphStyle</key>
									<array>
										<integer>4</integer>
										<real>0.0</real>
										<real>0.0</real>
										<real>0.0</real>
										<real>0.0</real>
										<real>0.0</real>
										<real>937</real>
										<real>0.0</real>
										<real>0.0</real>
									</array>
								</dict>
							</array>
							<array>
								<integer>194</integer>
								<integer>4</integer>
								<dict>
									<key>ASD_FONT</key>
									<array>
										<string>BitstreamVeraSansMono-Roman</string>
										<real>34</real>
									</array>
									<key>CTForegroundColor</key>
									<array>
										<real>0.99607843160629272</real>
										<real>1</real>
										<real>1</real>
										<real>1</real>
									</array>
									<key>NSParagraphStyle</key>
									<array>
										<integer>4</integer>
										<real>0.0</real>
										<real>0.0</real>
										<real>0.0</real>
										<real>0.0</real>
										<real>0.0</real>
										<real>937</real>
										<real>0.0</real>
										<real>0.0</real>
									</array>
								</dict>
							</array>
							<array>
								<integer>198</integer>
								<integer>38</integer>
								<dict>
									<key>ASD_FONT</key>
									<array>
										<string>BitstreamVeraSansMono-Roman</string>
										<real>34</real>
									</array>
									<key>CTForegroundColor</key>
									<array>
										<real>0.54117649793624878</real>
										<real>0.74117648601531982</real>
										<real>0.11764705926179886</real>
										<real>1</real>
									</array>
									<key>NSParagraphStyle</key>
									<array>
										<integer>4</integer>
										<real>0.0</real>
										<real>0.0</real>
										<real>0.0</real>
										<real>0.0</real>
										<real>0.0</real>
										<real>937</real>
										<real>0.0</real>
										<real>0.0</real>
									</array>
								</dict>
							</array>
							<array>
								<integer>236</integer>
								<integer>35</integer>
								<dict>
									<key>ASD_FONT</key>
									<array>
										<string>BitstreamVeraSansMono-Roman</string>
										<real>34</real>
									</array>
									<key>CTForegroundColor</key>
									<array>
										<real>0.99607843160629272</real>
										<real>1</real>
										<real>1</real>
										<real>1</real>
									</array>
									<key>NSParagraphStyle</key>
									<array>
										<integer>4</integer>
										<real>0.0</real>
										<real>0.0</real>
										<real>0.0</real>
										<real>0.0</real>
										<real>0.0</real>
										<real>937</real>
										<real>0.0</real>
										<real>0.0</real>
									</array>
								</dict>
							</array>
						</array>
						<key>ASD_STRING</key>
						<string> 
 CFRange frameRange = 
   CTFrameGetVisibleStringRange(frame);


 frameInfo.stringRange = 
   NSMakeRange(curIndex, frameRange.length);			
			            
	// Start the next frame at the first 
  // character not visible in this frame
	curIndex += frameRange.length;


</string>
					</dict>
				</dict>
			</array>
		</dict>
	</dict>
	<key>ASD_VERSION</key>
	<array>
		<integer>1</integer>
		<integer>1</integer>
	</array>
</dict>
</plist>
