{
  "images" : [
    {
      "idiom" : "universal",
      "filename" : "ratingActive.pdf"
    },
    {
      "idiom" : "universal",
      "scale" : "1x"
    },
    {
      "idiom" : "universal",
      "scale" : "2x"
    },
    {
      "idiom" : "universal",
      "scale" : "3x"
    },
    {
      "idiom" : "universal",
      "heightClass" : "compact",
      "filename" : "ratingActiveCompact.pdf"
    },
    {
      "idiom" : "universal",
      "scale" : "1x",
      "heightClass" : "compact"
    },
    {
      "idiom" : "universal",
      "scale" : "2x",
      "heightClass" : "compact"
    },
    {
      "idiom" : "universal",
      "scale" : "3x",
      "heightClass" : "compact"
    }
  ],
  "info" : {
    "version" : 1,
    "author" : "xcode",
    "template-rendering-intent" : "template"
  }
}